{"cameraMode":{"drawMode":0,"name":"Shaded","section":"Shading Mode"},"sceneLighting":true,"audioPlay":false,"sceneViewState":{"showFog":true,"showMaterialUpdate":false,"showSkybox":true,"showFlares":true,"showImageEffects":true,"showParticleSystems":true},"in2DMode":false,"pivot":{"x":0.25725477933883669,"y":0.13180822134017945,"z":2.997511625289917},"rotation":{"x":0.17300920188426972,"y":-0.39903783798217776,"z":0.07694994658231735,"w":0.8971707224845886},"size":9.756512641906739,"orthographic":false}